{"nodes":["-28,0","1.9999999999999996,0","-16,0","-7.249999999999999,0","-28.999999999999996,7.000000000000002","-24.25,12.5","-17.25,14.499999999999998","-10.249999999999998,13.75","-5.749999999999998,8.25","1.4999999999999982,8.25"],"members":["0,2","2,3","3,1","4,0","4,2","2,5","2,6","5,6","5,4","2,7","6,7","2,8","7,8","3,8","8,9","9,1","3,9"],"supports":{"0":"P","1":"Rh"},"forces":["2,0,-27.2"],"workspace":{"workspace-width":70,"workspace-height":40,"workspace-width-pixels":1321,"Yaxis-dist-from-left":34.226854817316585,"Xaxis-dist-from-bottom":12.666136118066477,"grid-x":0.25,"grid-y":0.25,"force-scale":27.2}}